Origin Postcode,Destination Postcode,Distance (km)
TA1 1AA,TA6 9LB,13.616972122740345
TA1 1AB,TA4 4SG,7204.931251720435
TA1 1AD,TA2 8QB,2.2805579799223255
TA1 1AE,TA21 9GN,8.32807891399192
TA1 1AF,TA1 3BU,2.6456502893718636
TA1 1AG,TA13 5DS,23.226661337433022
TA1 1AH,TA1 4PU,0.9277055146264013
TA1 1AJ,TA3 6TB,11.841963910119045
