Origin Postcode,Destination Postcode,Distance (km),Carbon emitted
TA1 1AA,TA6 9LB,13.616972122740345,1.1836256015915065
TA1 1AB,TA4 4SG,7204.931251720435,626.2729342745282
TA1 1AD,TA2 8QB,2.280557979922325,0.1982325282462756
TA1 1AE,TA21 9GN,8.32807891399192,0.723900095103631
TA1 1AF,TA1 3BU,2.645650289371864,0.22996738093698366
TA1 1AG,TA13 5DS,23.226661337433026,2.018926876744519
TA1 1AH,TA1 4PU,0.9277055146264012,0.0806387784267898
TA1 1AJ,TA3 6TB,11.841963910119045,1.0293368842058572
